{
  "id": "a55dd891-843c-4ae2-b25a-96534c1c19ea",
  "name": "drink",
  "isOverridable": true,
  "entries": [
    {
      "value": "sunset cooler",
      "synonyms": [
        "sunset cooler"
      ]
    },
    {
      "value": "orange blast",
      "synonyms": [
        "orange blast",
        "orange bomb"
      ]
    },
    {
      "value": "cherry bomb",
      "synonyms": [
        "cherry bomb"
      ]
    },
    {
      "value": "orange juice",
      "synonyms": [
        "orange juice",
        "OJ"
      ]
    }
  ],
  "isEnum": false,
  "automatedExpansion": false
}